Pedrinho Joao;pedrinho;irods@1234
Lais Monteiro;lais;irods@1234
Marco Isobe;marco;irods@1234
Mario Filho;mario;irods@1234
Felipe Holanda;felipe;irods@1234
Arthur Guerra;arthur;irods@1234
Mileine Assato;mileine;irods@1234
